ID,Name,Position,Salary,Email
1,Mona Shaker,Product Manager,14067.0,mona.shaker@example.com
2,Khaled Hussein,Graphic Designer,11442.0,khaled.hussein@example.com
3,Omar Lotfy,Customer Support,5926.0,omar.lotfy@example.com
4,Mona Farid,Operations Manager,4632.0,mona.farid@example.com
5,Rami Adel,Business Analyst,5289.0,rami.adel@example.com
6,Amira Lotfy,Marketing Specialist,10018.0,amira.lotfy@example.com
7,Khaled Ali,Sales Executive,14135.0,khaled.ali@example.com
8,Ali Fahmy,HR Manager,14451.0,ali.fahmy@example.com
9,Ahmed Farid,Content Writer,9626.0,ahmed.farid@example.com
10,Yasmin Lotfy,Project Manager,5947.0,yasmin.lotfy@example.com
11,Yasmin Ismail,Project Manager,10720.0,yasmin.ismail@example.com
12,Ali Shaker,Project Manager,4106.0,ali.shaker@example.com
13,Salma Sobhy,Data Analyst,9863.0,salma.sobhy@example.com
14,Mona Hassan,Accountant,11381.0,mona.hassan@example.com
15,Nora Hussein,Sales Executive,8864.0,nora.hussein@example.com
16,Laila Shaker,Project Manager,12744.0,laila.shaker@example.com
17,Sara Fathy,Sales Executive,8355.0,sara.fathy@example.com
18,Yasmin Othman,Software Engineer,14925.0,yasmin.othman@example.com
19,Hassan Adel,IT Support,4736.0,hassan.adel@example.com
20,Huda Hussein,Data Analyst,11229.0,huda.hussein@example.com
21,Mona Adel,Quality Assurance,11080.0,mona.adel@example.com
22,Salma Fahmy,Data Analyst,12768.0,salma.fahmy@example.com
23,Hassan Fahmy,Business Analyst,7109.0,hassan.fahmy@example.com
24,Mona Sobhy,Data Analyst,3642.0,mona.sobhy@example.com
25,Sara Kamal,Quality Assurance,7833.0,sara.kamal@example.com
26,Mohamed Fathy,Sales Executive,6486.0,mohamed.fathy@example.com
27,Rami Hussein,Marketing Specialist,9439.0,rami.hussein@example.com
28,Yasmin Hussein,Graphic Designer,5778.0,yasmin.hussein@example.com
29,Sara Nabil,Business Analyst,12642.0,sara.nabil@example.com
30,Ali Kamal,Business Analyst,14144.0,ali.kamal@example.com
31,Amira Nabil,Operations Manager,5277.0,amira.nabil@example.com
32,Ahmed Ali,Network Administrator,6541.0,ahmed.ali@example.com
33,Mohamed Fahmy,Software Engineer,14789.0,mohamed.fahmy@example.com
34,Sara Tawfik,Accountant,3358.0,sara.tawfik@example.com
35,Huda Sobhy,IT Support,11829.0,huda.sobhy@example.com
36,Omar Ismail,Accountant,4666.0,omar.ismail@example.com
37,Ali Othman,Quality Assurance,11286.0,ali.othman@example.com
38,Nora Kamal,Quality Assurance,13400.0,nora.kamal@example.com
39,Ahmed Othman,Marketing Specialist,14823.0,ahmed.othman@example.com
40,Amira Salem,Graphic Designer,9622.0,amira.salem@example.com
41,Ahmed Nabil,Accountant,8598.0,ahmed.nabil@example.com
42,Omar Fathy,HR Manager,14932.0,omar.fathy@example.com
43,Sara Hussein,IT Support,6888.0,sara.hussein@example.com
44,Yasmin Kamal,Operations Manager,12421.0,yasmin.kamal@example.com
45,Rami Ismail,Project Manager,9417.0,rami.ismail@example.com
46,Laila Salem,Data Analyst,6799.0,laila.salem@example.com
47,Laila Ali,Content Writer,12396.0,laila.ali@example.com
48,Hassan Adel,Operations Manager,11280.0,hassan.adel@example.com
49,Khaled Nabil,Accountant,7711.0,khaled.nabil@example.com
50,Ahmed Hassan,Data Analyst,10825.0,ahmed.hassan@example.com
51,Tamer Shaker,IT Support,12162.0,tamer.shaker@example.com
52,Amira Shaker,Quality Assurance,5723.0,amira.shaker@example.com
53,Ahmed Fahmy,Quality Assurance,3135.0,ahmed.fahmy@example.com
54,Yasmin Sobhy,Product Manager,4551.0,yasmin.sobhy@example.com
55,Huda Hassan,Business Analyst,5613.0,huda.hassan@example.com
56,Mona Othman,Operations Manager,6941.0,mona.othman@example.com
57,Khaled Othman,Operations Manager,8765.0,khaled.othman@example.com
58,Huda Ali,Sales Executive,9569.0,huda.ali@example.com
59,Nora Lotfy,Accountant,13949.0,nora.lotfy@example.com
60,Huda Ali,Project Manager,4799.0,huda.ali@example.com
61,Sara Hassan,Software Engineer,7279.0,sara.hassan@example.com
62,Sara Ismail,Quality Assurance,11803.0,sara.ismail@example.com
63,Mohamed Shaker,HR Manager,3171.0,mohamed.shaker@example.com
64,Hassan Hussein,Accountant,7833.0,hassan.hussein@example.com
65,Omar Ismail,Accountant,6762.0,omar.ismail@example.com
66,Ahmed Tawfik,Marketing Specialist,13894.0,ahmed.tawfik@example.com
67,Sara Fahmy,Accountant,11152.0,sara.fahmy@example.com
68,Laila Hassan,Project Manager,10954.0,laila.hassan@example.com
69,Ali Hussein,Content Writer,13835.0,ali.hussein@example.com
70,Ali Nabil,Marketing Specialist,10950.0,ali.nabil@example.com
71,Salma Tawfik,Accountant,6139.0,salma.tawfik@example.com
72,Rami Hassan,Graphic Designer,13208.0,rami.hassan@example.com
73,Hassan Fathy,IT Support,11187.0,hassan.fathy@example.com
74,Salma Tawfik,Marketing Specialist,8262.0,salma.tawfik@example.com
75,Huda Tawfik,HR Manager,6920.0,huda.tawfik@example.com
76,Huda Nabil,Data Analyst,7411.0,huda.nabil@example.com
77,Yasmin Hassan,Business Analyst,3549.0,yasmin.hassan@example.com
78,Laila Adel,Graphic Designer,14556.0,laila.adel@example.com
79,Khaled Hussein,Operations Manager,3672.0,khaled.hussein@example.com
80,Yasmin Lotfy,Software Engineer,7970.0,yasmin.lotfy@example.com
81,Tamer Lotfy,Marketing Specialist,13280.0,tamer.lotfy@example.com
82,Omar Nabil,Network Administrator,9103.0,omar.nabil@example.com
83,Tamer Shaker,Accountant,11383.0,tamer.shaker@example.com
84,Hassan Shaker,IT Support,6391.0,hassan.shaker@example.com
85,Khaled Sobhy,Product Manager,12044.0,khaled.sobhy@example.com
86,Yasmin Shaker,Graphic Designer,14128.0,yasmin.shaker@example.com
87,Omar Lotfy,IT Support,13008.0,omar.lotfy@example.com
88,Mona Adel,Content Writer,10770.0,mona.adel@example.com
89,Laila Shaker,Quality Assurance,5781.0,laila.shaker@example.com
90,Ali Nabil,Project Manager,3663.0,ali.nabil@example.com
91,Tamer Hassan,Sales Executive,5406.0,tamer.hassan@example.com
92,Khaled Lotfy,IT Support,8987.0,khaled.lotfy@example.com
93,Mona Adel,Customer Support,10902.0,mona.adel@example.com
94,Hassan Lotfy,Accountant,11297.0,hassan.lotfy@example.com
95,Huda Ali,Software Engineer,5876.0,huda.ali@example.com
96,Sara Othman,Data Analyst,14161.0,sara.othman@example.com
97,Laila Kamal,Customer Support,11126.0,laila.kamal@example.com
98,Rami Farid,Data Analyst,11366.0,rami.farid@example.com
99,Nora Lotfy,Content Writer,12098.0,nora.lotfy@example.com
100,Nora Salem,Product Manager,12531.0,nora.salem@example.com
101,Huda Fahmy,IT Support,14467.0,huda.fahmy@example.com
102,Laila Hassan,Operations Manager,13026.0,laila.hassan@example.com
103,Huda Ismail,Business Analyst,3906.0,huda.ismail@example.com
104,Rami Tawfik,HR Manager,10362.0,rami.tawfik@example.com
105,Salma Adel,Business Analyst,13595.0,salma.adel@example.com
106,Rami Fahmy,Data Analyst,4318.0,rami.fahmy@example.com
107,Mohamed Ismail,Graphic Designer,7704.0,mohamed.ismail@example.com
108,Hassan Salem,Customer Support,4090.0,hassan.salem@example.com
109,Hassan Salem,Business Analyst,5357.0,hassan.salem@example.com
110,Laila Adel,Data Analyst,6116.0,laila.adel@example.com
111,Hassan Ali,IT Support,4898.0,hassan.ali@example.com
112,Amira Adel,Project Manager,11852.0,amira.adel@example.com
113,Omar Shaker,Business Analyst,5667.0,omar.shaker@example.com
114,Omar Shaker,Customer Support,10775.0,omar.shaker@example.com
115,Rami Nabil,Operations Manager,11277.0,rami.nabil@example.com
116,Tamer Sobhy,Network Administrator,5346.0,tamer.sobhy@example.com
117,Rami Fahmy,Content Writer,9114.0,rami.fahmy@example.com
118,Khaled Kamal,Accountant,4291.0,khaled.kamal@example.com
119,Salma Hussein,Project Manager,4481.0,salma.hussein@example.com
120,Salma Nabil,Product Manager,9457.0,salma.nabil@example.com
121,Salma Nabil,Network Administrator,9258.0,salma.nabil@example.com
122,Yasmin Lotfy,Customer Support,9580.0,yasmin.lotfy@example.com
123,Yasmin Ismail,Customer Support,12532.0,yasmin.ismail@example.com
124,Salma Tawfik,Business Analyst,9518.0,salma.tawfik@example.com
125,Khaled Ismail,Data Analyst,7229.0,khaled.ismail@example.com
126,Mohamed Fathy,Project Manager,11804.0,mohamed.fathy@example.com
127,Huda Kamal,Business Analyst,5395.0,huda.kamal@example.com
128,Yasmin Fathy,Content Writer,9552.0,yasmin.fathy@example.com
129,Amira Lotfy,Accountant,5296.0,amira.lotfy@example.com
130,Laila Farid,Marketing Specialist,3144.0,laila.farid@example.com
131,Ali Farid,Graphic Designer,14321.0,ali.farid@example.com
132,Khaled Hussein,Graphic Designer,11101.0,khaled.hussein@example.com
133,Tamer Nabil,Product Manager,13345.0,tamer.nabil@example.com
134,Sara Tawfik,Marketing Specialist,12743.0,sara.tawfik@example.com
135,Khaled Tawfik,Content Writer,7009.0,khaled.tawfik@example.com
136,Khaled Adel,Content Writer,4546.0,khaled.adel@example.com
137,Mona Hussein,Quality Assurance,8603.0,mona.hussein@example.com
138,Omar Farid,Product Manager,14654.0,omar.farid@example.com
139,Rami Salem,Content Writer,9889.0,rami.salem@example.com
140,Rami Othman,Business Analyst,7337.0,rami.othman@example.com
141,Laila Fahmy,HR Manager,7523.0,laila.fahmy@example.com
142,Hassan Shaker,Accountant,5747.0,hassan.shaker@example.com
143,Yasmin Ismail,Business Analyst,8763.0,yasmin.ismail@example.com
144,Mohamed Kamal,Product Manager,8354.0,mohamed.kamal@example.com
145,Salma Salem,Data Analyst,7694.0,salma.salem@example.com
146,Rami Adel,Product Manager,9873.0,rami.adel@example.com
147,Laila Ismail,Software Engineer,7772.0,laila.ismail@example.com
148,Salma Ismail,Network Administrator,3167.0,salma.ismail@example.com
149,Yasmin Fathy,Accountant,9415.0,yasmin.fathy@example.com
150,Tamer Ali,Marketing Specialist,10087.0,tamer.ali@example.com
151,Laila Fathy,Operations Manager,12334.0,laila.fathy@example.com
152,Mona Ismail,Data Analyst,3289.0,mona.ismail@example.com
153,Mona Hussein,Project Manager,12619.0,mona.hussein@example.com
154,Laila Ali,Sales Executive,4405.0,laila.ali@example.com
155,Laila Fahmy,Project Manager,8431.0,laila.fahmy@example.com
156,Mona Tawfik,Sales Executive,14981.0,mona.tawfik@example.com
157,Ahmed Nabil,Content Writer,14217.0,ahmed.nabil@example.com
158,Ahmed Othman,IT Support,13386.0,ahmed.othman@example.com
159,Hassan Farid,Product Manager,9469.0,hassan.farid@example.com
160,Salma Tawfik,HR Manager,14540.0,salma.tawfik@example.com
161,Mona Nabil,Sales Executive,9585.0,mona.nabil@example.com
162,Omar Ali,Software Engineer,12324.0,omar.ali@example.com
163,Ali Othman,Data Analyst,8774.0,ali.othman@example.com
164,Laila Shaker,Software Engineer,7102.0,laila.shaker@example.com
165,Hassan Lotfy,Product Manager,6276.0,hassan.lotfy@example.com
166,Hassan Fahmy,Quality Assurance,4570.0,hassan.fahmy@example.com
167,Ahmed Nabil,Customer Support,5380.0,ahmed.nabil@example.com
168,Ahmed Othman,Data Analyst,13531.0,ahmed.othman@example.com
169,Salma Salem,Product Manager,14177.0,salma.salem@example.com
170,Nora Ali,Project Manager,10742.0,nora.ali@example.com
171,Mona Nabil,Sales Executive,8992.0,mona.nabil@example.com
172,Omar Ali,Product Manager,13367.0,omar.ali@example.com
173,Omar Othman,Customer Support,10718.0,omar.othman@example.com
174,Huda Othman,Content Writer,12067.0,huda.othman@example.com
175,Huda Ismail,Quality Assurance,9045.0,huda.ismail@example.com
176,Amira Fathy,Quality Assurance,6552.0,amira.fathy@example.com
177,Laila Fathy,Accountant,14115.0,laila.fathy@example.com
178,Tamer Farid,IT Support,10261.0,tamer.farid@example.com
179,Ahmed Farid,Quality Assurance,12860.0,ahmed.farid@example.com
180,Ahmed Tawfik,Graphic Designer,13301.0,ahmed.tawfik@example.com
181,Laila Hussein,Network Administrator,12212.0,laila.hussein@example.com
182,Nora Sobhy,Content Writer,7630.0,nora.sobhy@example.com
183,Rami Ali,Operations Manager,13614.0,rami.ali@example.com
184,Nora Nabil,Data Analyst,5118.0,nora.nabil@example.com
185,Hassan Sobhy,Network Administrator,14251.0,hassan.sobhy@example.com
186,Hassan Hussein,Project Manager,10184.0,hassan.hussein@example.com
187,Sara Hassan,Network Administrator,6926.0,sara.hassan@example.com
188,Omar Tawfik,Network Administrator,4928.0,omar.tawfik@example.com
189,Sara Othman,Software Engineer,10791.0,sara.othman@example.com
190,Yasmin Adel,Product Manager,10325.0,yasmin.adel@example.com
191,Sara Tawfik,HR Manager,7590.0,sara.tawfik@example.com
192,Amira Adel,Content Writer,5726.0,amira.adel@example.com
193,Nora Kamal,Customer Support,4664.0,nora.kamal@example.com
194,Mohamed Fathy,HR Manager,4439.0,mohamed.fathy@example.com
195,Khaled Hussein,Sales Executive,10367.0,khaled.hussein@example.com
196,Laila Hussein,Software Engineer,5657.0,laila.hussein@example.com
197,Mona Othman,Customer Support,10000.0,mona.othman@example.com
198,Omar Fahmy,Network Administrator,5204.0,omar.fahmy@example.com
199,Omar Adel,Network Administrator,14377.0,omar.adel@example.com
200,Mohamed Hussein,Data Analyst,11391.0,mohamed.hussein@example.com
202,marwan,manger,1e+40,marwangasser600000000000000@gmail.com
